Workbook

Sheet TrimmedMean
A1: ID | B1: Country | C1: Question 1 | D1: Question 2 | E1: Question 3 | F1: Question 4 | G1: Question 5 | H1: Question 6 | I1: Question 7 | J1: Question 8 | K1: Question 9 | L1: Question 10 | M1: Question 11 | N1: Question 12 | O1: Question 13 | P1: Question 14
A2: 1 | B2: Angola | C2: 0.53191489 | D2: 675.51082 | E2: 9104.2932 | F2: 0.62222222 | G2: 39.181818 | H2: 28.171257 | I2: 40.003095 | J2: 336.98066 | K2: 16.187041 | L2: 77.569632 | M2: 36.858586 | N2: 41.290909 | O2: 100.43676 | P2: 238.7624
A3: 1 | B3: Argentina | C3: 0.66666667 | D3: 347.63069 | E3: 3239.4815 | F3: 0.39583333 | G3: 36.31713 | H3: 20.50926 | I3: 37.511574 | J3: 899.02778 | K3: 4.4940898 | L3: 63.425926 | M3: 32.030733 | N3: 37.850242 | O3: 37.146465 | P3: 154.57071
A4: 1 | B4: Australia | C4: 0.51239669 | D4: 138.80312 | E4: 1486.1005 | F4: 0.52892562 | G4: 45.92562 | H4: 23.943067 | I4: 47.106481 | J4: 488.1607 | K4: 4.4820937 | L4: 53.35463 | M4: 27.886555 | N4: 30.81746 | O4: 43.445617 | P4: 140.06944
A5: 1 | B5: Austria | C5: 0.96491228 | D5: 225.18519 | E5: 1546.7219 | F5: 0.57894737 | G5: 48.457447 | H5: 21.508772 | I5: 39.709091 | J5: 514.24561 | K5: 3.6518519 | L5: 46.892857 | M5: 26.872727 | N5: 31.418182 | O5: 43.301818 | P5: 180.29091
A6: 1 | B6: Azerbaijan | C6: 0.46938776 | D6: 809.48 | E6: 9214.1304 | F6: 0.44897959 | G6: 51.520619 | H6: 40.180412 | I6: 50.051546 | J6: 227.03125 | K6: 28.092784 | L6: 100.47423 | M6: 32.926966 | N6: 35.451807 | O6: 79.791667 | P6: 163.27381
A7: 1 | B7: Belgium | C7: 0.94736842 | D7: 200.94737 | E7: 1011.3514 | F7: 0.23684211 | G7: 42.237838 | H7: 22.891892 | I7: 44.486486 | J7: 1035.1892 | K7: 4.8486486 | L7: 69.72973 | M7: 33.257143 | N7: 42.162162 | O7: 48.918919 | P7: 187.02703
A8: 1 | B8: Bosnia | C8: 0.36666667 | D8: 8994.5067 | E8: 156066.31 | F8: 0.46666667 | G8: 31.6875 | H8: 18.708333 | I8: 32.118644 | J8: 78.131944 | K8: 6.8263889 | L8: 24.958333 | M8: 26.742424 | N8: 22.272727 | O8: 98.172982 | P8: 232.8348
A9: 1 | B9: Canada | C9: 0.85294118 | D9: 190.27941 | E9: 1899.6674 | F9: 0.32352941 | G9: 35.838235 | H9: 17.205882 | I9: 32.75 | J9: 422.20588 | K9: 3.1632353 | L9: 41.779412 | M9: 28.352941 | N9: 34.823529 | O9: 51.830882 | P9: 230.75
A10: 1 | B10: Chile | C10: 0.3375 | D10: 660.07692 | E10: 2936.9333 | F10: 0.275 | G10: 33 | H10: 27.325 | I10: 43.2125 | J10: 360.375 | K10: 5.0375 | L10: 46.275 | M10: 46.05 | N10: 54.6 | O10: 64.35 | P10: 244.0875
A11: 1 | B11: China | C11: 0.65365854 | D11: 514.5297 | E11: 14937.323 | F11: 0.28780488 | G11: 45.820896 | H11: 26.951456 | I11: 46.995122 | J11: 1055.7087 | K11: 5.8145631 | L11: 81.300971 | M11: 29.64466 | N11: 37.31068 | O11: 48.134244 | P11: 218.79024
A12: 1 | B12: Colombia | C12: 0.64705882 | D12: 480.89572 | E12: 6820.9921 | F12: 0.5 | G12: 16.074217 | H12: 9.3808708 | I12: 17.63223 | J12: 89.509346 | K12: 2.2923938 | L12: 19.867328 | M12: 20.687212 | N12: 23.35431 | O12: 58.621862 | P12: 204.66354
A13: 1 | B13: Croatia | C13: 0.60215054 | D13: 555 | E13: 6083.9493 | F13: 0.37634409 | G13: 25.892473 | H13: 18.874552 | I13: 28.673118 | J13: 141.32616 | K13: 5.9031541 | L13: 31.583513 | M13: 20.207885 | N13: 23.16129 | O13: 104.83871 | P13: 278.67384
... A75: 0 | B75: GPT 4 (T=2) | C75: 1 | D75: 120 | E75: 200 | F75: 1 | G75: 50 | H75: 60 | I75: 70 | J75: 5000 | K75: 10 | L75: 200 | M75: 50 | N75: 60 | O75: 50 | P75: 200

Sheet Hyperbolic
A1: ID | B1: country | C1: delta | D1: beta
A2: 1 | B2: Angola | C2: 0.43426607 | D2: 0.83412328
A3: 1 | B3: Argentina | C3: 0.56474219 | D3: 0.83412729
A4: 1 | B4: Australia | C4: 0.90160386 | D4: 0.83179373
A5: 1 | B5: Austria | C5: 0.64827868 | D5: 0.86067686
A6: 1 | B6: Azerbaija | C6: 0.40720505 | D6: 0.80474401
A7: 1 | B7: Belgium
A8: 1 | B8: Bosnia an | C8: 0.20515752 | D8: 0.82173124
A9: 1 | B9: Canada | C9: 0.66741375 | D9: 0.83037745
A10: 1 | B10: Chile | C10: 0.37435695 | D10: 0.87354161
A11: 1 | B11: China | C11: 0.47535793 | D11: 0.75182991
A12: 1 | B12: Colombia | C12: 0.5652911 | D12: 0.80441332
A13: 1 | B13: Croatia | C13: 0.40283265 | D13: 0.82981814
A14: 1 | B14: Czech Rep | C14: 0.61438046 | D14: 0.84884701
A15: 1 | B15: Denmark | C15: 0.80223704 | D15: 0.82421997
A16: 1 | B16: Estonia | C16: 0.22149431 | D16: 0.78250238
A17: 1 | B17: Finland | C17: 1.1764343 | D17: 0.87185774
A18: 1 | B18: France | C18: 0.18721141 | D18: 0.81459454
A19: 1 | B19: Georgia | C19: 0.010103869 | D19: 0.87906612
... A54: 1 | B54: Vietnam | C54: 0.53591528 | D54: 0.79165847
A55: 0 | B55: =TrimmedMean!B55 -> Gemini (T=0) | C55: 0.91632777 | D55: 0.99304049
A56: 0 | B56: =TrimmedMean!B56 -> Gemini (T=0.5) | C56: 0.91989328 | D56: 0.99414057
A57: 0 | B57: =TrimmedMean!B57 -> Gemini (T=1) | C57: 0.92567539 | D57: 0.99159054
A58: 0 | B58: =TrimmedMean!B58 -> Gemini (T=1.5) | C58: 0.91281681 | D58: 0.99591823
A59: 0 | B59: =TrimmedMean!B59 -> Gemini (T=2) | C59: 0.92845216 | D59: 0.99189678
A60: 0 | B60: =TrimmedMean!B60 -> GPT 5 | C60: 0.91498248 | D60: 0.99627031
A61: 0 | B61: =TrimmedMean!B61 -> GPT 4o (T=0) | C61: 0.94482231 | D61: 0.88200006
A62: 0 | B62: =TrimmedMean!B62 -> GPT 4o (T=0.5) | C62: 0.93573185 | D62: 0.9715293
A63: 0 | B63: =TrimmedMean!B63 -> GPT 4o (T=1) | C63: 0.93688442 | D63: 0.97206299
A64: 0 | B64: =TrimmedMean!B64 -> GPT 4o (T=1.5) | C64: 0.93573185 | D64: 0.9715293
A65: 0 | B65: =TrimmedMean!B65 -> GPT 4o (T=2) | C65: 0.93573185 | D65: 0.9715293
A66: 0 | B66: =TrimmedMean!B66 -> Dseek (T=0) | C66: 0.9298732 | D66: 0.93925139
... A75: 0 | B75: =TrimmedMean!B75 -> GPT 4 (T=2) | C75: 0.94482231 | D75: 0.88200006

Sheet Desc_Stats_TrimmedMean
B1: Question 1 | C1: Question 2 | D1: Question 3 | E1: Question 4 | F1: Question 5 | G1: Question 6 | H1: Question 7 | I1: Question 8 | J1: Question 9 | K1: Question 10 | L1: Question 11 | M1: Question 12 | N1: Question 13 | O1: Question 14 | P1: delta | Q1: beta
A2: mean | B2: 0.66210618 | C2: 1214.4574 | D2: 12502.107 | E2: 0.40189369 | F2: 37.412563 | G2: 21.481398 | H2: 36.715721 | I2: 530.29092 | J2: 5.8552037 | K2: 51.807421 | L2: 28.535477 | M2: 34.248258 | N2: 65.623863 | O2: 252.64693 | P2: 0.55921812 | Q2: 0.8283077
A3: std | B3: 0.221257 | C3: 4792.7241 | D3: 39037.257 | E3: 0.11254317 | F3: 13.525976 | G3: 10.267442 | H3: 12.080952 | I3: 589.36737 | J3: 5.905103 | K3: 32.089248 | L3: 9.7401261 | M3: 11.097705 | N3: 30.176817 | O3: 121.70948 | P3: 0.22542672 | Q3: 0.034903807
A4: min | B4: 0 | C4: 100.30691 | D4: 399.45652 | E4: 0.10204082 | F4: 13.005848 | G4: 4.7001764 | H4: 14.751657 | I4: 71.892308 | J4: 0.7488564 | K4: 8.1393298 | L4: 13.118414 | M4: 15.168833 | N4: 22.428472 | O4: 91.256944 | P4: 0.010103869 | Q4: 0.75182991
A5: median | B5: 0.66666667 | C5: 345.11914 | D5: 3239.4815 | E5: 0.39583333 | F5: 37.8125 | G5: 20.838745 | H5: 37.511574 | I5: 308.49853 | J5: 4.1610294 | K5: 50.1495 | L5: 26.981675 | M5: 33.361111 | N5: 55.973214 | O5: 226.07035 | P5: 0.56601805 | Q5: 0.83051792
A6: max | B6: 0.99076212 | C6: 34340 | D6: 246258.06 | E6: 0.62222222 | F6: 77.239583 | G6: 67.173611 | H6: 68.35625 | I6: 3601.2153 | J6: 28.092784 | K6: 205.76389 | L6: 75.535714 | M6: 82.666667 | N6: 206.46552 | O6: 706.76667 | P6: 1.1764343 | Q6: 0.90123062

Sheet Expected Values
A1: Questions | B1: 5 | C1: 6 | D1: 7 | E1: 8 | F1: 9 | G1: 10 | H1: 11 | I1: 12
A2: Humans | B2: 37.4 | C2: 21.5 | D2: 36.7 | E2: 530.3 | F2: 5.9 | G2: 51.8 | H2: 28.5 | I2: 34.2
A3: LLMs | B3: 74.3 | C3: 53.9 | D3: 78.6 | E3: 5634 | F3: 8 | G3: 176.9 | H3: 48.4 | I3: 60.8
A4: Expected Value | B4: 91 | C4: 60 | D4: 90 | E4: 6000 | F4: 10 | G4: 240 | H4: 48 | I4: 60

Sheet READ me
A1: Sheet | B1: Explanation
A2: Trimmed Mean: | B2: This is the main sheet that is used by the code. It contains the trimmed responses of a. LLMs, which are derived from 3. raw_data_combined.xlsx below. b. and humans, which are retrieved from https://www.uni-trier.de/universitaet/fachbereiche-faecher/fachbereich-iv/faecher/betriebswirtschaftslehre/team/fin/forschung/research-data. These data are calculated using mean trimming of 10% (10% bottom and 10% top)
A3: Hyperbolic | B3: This sheet contains the delta and beta results, which are obtained from the raw data.
A4: Expected Values | B4: The sheet Expected Values shows the answers from LLMs, countries to the questions 5-12 and their corresponding expected values
A6: Human Data Source: | B6: https://www.uni-trier.de/universitaet/fachbereiche-faecher/fachbereich-iv/faecher/betriebswirtschaftslehre/team/fin/forschung/research-data
